,Country Name,Year,LowerSecondaryAttainment,UpperSecondaryAttainment,BachelorsAttainment,MastersAttainment,DoctoralAttainment,GDP_Millions,%_expenditure_gdp
0,Australia,2010,93.19953156,72.79897308,,,,1146138465603.81,5.550059795
1,Austria,2010,,76.55609894,,,,391892746544.69,5.7004799839999984
2,Azerbaijan,2010,95.56773376,88.645401,,,,52909294791.93,2.780620098
3,Belgium,2010,79.64148712,61.7283783,,,,480951629493.03,6.442590237
4,Bulgaria,2010,93.21961212,69.61495209,20.71764946,,,50381825504.26,3.882390022
5,Bahrain,2010,54.89627075,42.11301041,9.479330062999999,1.00327003,0.2146299928,25713271276.6,
6,Bosnia and Herzegovina,2010,56.91952896,31.11343002,,,,17176781336.76,
7,Switzerland,2010,95.79167175,82.45456696,,,,603434493402.68,4.926050186
8,Chile,2010,75.04583740000002,52.86014938,,,,218537551220.07,4.162089825
9,Colombia,2010,44.15533829,39.13526154,9.47192955,2.571990013,,286563105192.46,4.83382988
10,Costa Rica,2010,48.98918152,35.50172043,,,,37658614803.28,6.634449959
11,Cyprus,2010,75.84166718,65.45372009,,,,25732432719.08,6.54279995
12,Czech Republic,2010,99.82282257,87.99365997,,,,209069940963.18,4.064459801
13,Germany,2010,96.52384186,81.12799072,,,,3396354075663.73,4.94367981
14,Denmark,2010,,74.93997955,,,,321995279401.5,8.559550285
15,Ecuador,2010,44.68481827,34.91764832,10.2697897,0.9248600006,,69555367000.0,4.507430077
16,Finland,2010,,70.44805908,,,,249181190476.37,6.504449844
17,France,2010,79.21469116,61.89693832,,,,2642609548930.36,
18,Hungary,2010,97.93047333,75.6911087,,,,131916516051.99,4.761209965
19,"Iran, Islamic Rep.",2010,62.48841858,42.48559189,,,,486807615326.15,3.709180117
20,Lithuania,2010,90.95951843,80.54962158,,,,37128694028.24,5.312739849
21,Latvia,2010,99.11830139,85.56651306,,,,23869752327.33,5.072710037
22,Moldova,2010,93.78920746,74.40273285,,,,6974960345.37,7.592299937999999
23,Mexico,2010,53.08692169,29.20441055,12.76121998,1.311210036,0.1426800042,1057801295584.05,5.159220219
24,Malta,2010,68.13394165,25.86957932,,,,9035932122.5,6.454889774
25,Netherlands,2010,89.52279663,66.77232361,,,,846554894931.08,5.489089966
26,Norway,2010,99.70407867,75.4141922,,,,428757038466.84,6.746339797999999
27,Pakistan,2010,33.38510132,23.87871933,6.974460125,,,177165635077.07,2.286870003
28,Portugal,2010,41.30255127,25.59531021,12.66298008,,,237880908317.65,5.412489891
29,West Bank and Gaza,2010,52.65996170000001,34.95087051,,,,9681500000.0,6.7254700660000015
30,Qatar,2010,46.81409073,36.73772812,15.75669956,,,125122306346.15,4.539659977
31,Singapore,2010,76.19834137,65.52105713,23.68022919,,,239809387605.43,3.080440044
32,Serbia,2010,85.63169098,63.66580963,,,,41819468691.83,4.327809811
33,Slovenia,2010,95.4296875,77.67381287,,,,48161250405.25,5.545460224
34,Sweden,2010,87.07034302,77.61637878,,,,495812558843.31,6.522689819
35,Turkey,2010,46.58588028,29.98638916,,,,776992599946.77,
36,Uruguay,2010,49.49821091,27.17359924,,,,40284481651.9,
37,United States,2010,94.76950073,87.14940643,,,,14992052727000.0,
38,Australia,2011,93.60810089,74.0616684,,,,1396649906339.35,5.074510098
39,Austria,2011,,76.42769623,,,,431120310088.82,5.592269897
40,Azerbaijan,2011,95.55583954,88.65878296,,,,65951627200.2,2.435640097
41,Belgium,2011,80.10137177,62.75992966,,,,522645519183.59,6.4319901470000005
42,Bangladesh,2011,35.29796982,24.18281937,5.693860054,1.681699991,0.07954999804,128637938711.39,2.132699966
43,Bulgaria,2011,93.73532867,70.65316772,20.80995941,,,57386216850.34,3.566430092
44,Bosnia and Herzegovina,2011,56.83264923,32.74235916,,,,18644723860.97,
45,Switzerland,2011,95.86393738,82.35539246,,,,722038242134.62,4.969860077
46,Chile,2011,72.83944702,50.8061409,10.36456966,0.4860399961,,252251992029.44,4.045189857
47,Colombia,2011,45.35335922,40.26528168,9.523409843,2.7658100130000003,,334943871931.75,4.466080189
48,Costa Rica,2011,50.1252594,36.54347992,,,,42762617081.65,6.455349922000001
49,Cyprus,2011,77.22283173,67.78410339,,,,27565469098.0,6.5385398860000015
50,Czech Republic,2011,99.81562042,88.3989563,,,,229562733398.95,4.2721400260000015
51,Germany,2011,96.71362305,81.72286224,,,,3744408602683.94,4.82487011
52,Denmark,2011,,75.47676086,,,,344003137611.27,8.48486042
53,Ecuador,2011,45.34046936,35.90111923,9.621370316,0.5546399951,,79276664000.0,4.726890087
54,Finland,2011,,71.20155334,,,,275243697751.01,6.445049762999999
55,France,2011,79.81372833,62.7715683,,,,2861408170264.6,
56,Honduras,2011,27.64826965,19.22204971,5.118130207,,,17710315006.0,
57,Hungary,2011,98.20565796,76.65756226,,,,141759722464.0,4.590109825
58,Indonesia,2011,44.48204041,28.93486023,,,,892969107923.09,3.189440012
59,Lithuania,2011,91.63420105,81.66577911,,,,43535051482.39,5.127089977
60,Latvia,2011,99.09664154,85.07553101,,,,28374734038.0,4.932980061
61,Moldova,2011,94.31947327,74.43657684,,,,8414360656.3,7.136380196
62,Malta,2011,69.74372864,27.37339973,,,,9638916481.07,7.796120167000001
63,Netherlands,2011,89.43125153,66.4095993,,,,904085980796.02,5.463039875
64,Norway,2011,99.59889984,75.99201965,,,,498283438454.28,6.4545202260000005
65,Pakistan,2011,33.24782181,24.15409088,7.368189812000001,,,213587413184.0,2.221750021
66,Portugal,2011,45.00740051,27.87612915,14.1166296,,,244797226567.11,5.123330116
67,West Bank and Gaza,2011,54.26387024,36.35604858,,,,11186100000.0,5.702700137999999
68,Qatar,2011,52.58201981,41.11022949,18.79969025,,,167775268614.04,4.012239933
69,Singapore,2011,76.69959259,66.56931305,24.54940033,,,279351168707.27,3.0307700630000003
70,Serbia,2011,84.58573914,66.59641266,11.80171013,2.224519968,0.3468700051,49258136128.97,4.238359928
71,Slovak Republic,2011,,84.84931183,18.56543922,16.50371933,1.062469959,99122802874.17,3.929640055
72,Slovenia,2011,96.01802063,78.44616699,,,,51516366654.82,5.5412597660000005
73,Sweden,2011,87.70394897,78.32147979999998,,,,574094112972.73,6.366919994
74,Turkey,2011,49.7481308,31.79866982,,,,838762755164.18,
75,Uruguay,2011,51.21221924,27.01845932,,,,47962439303.72,4.355269909
76,United States,2011,94.90273285,87.59088898,,,,15542581104000.0,
77,Australia,2012,94.44893646,76.48301697,,,,1546151783872.96,4.868999958
78,Austria,2012,,76.97511292,,,,409425234155.26,5.480400085
79,Azerbaijan,2012,95.56986237,88.71308899,,,,69683935845.21,2.067630053
80,Belgium,2012,80.29019165,63.21110153,,,,496181260258.3,
81,Bangladesh,2012,36.04573822,24.67884064,5.8704199789999985,1.725659966,0.08145000041,133355749482.48,2.175499916
82,Bulgaria,2012,94.30368042,72.48085785,21.51111984,,,54033250328.52,3.49484992
83,Switzerland,2012,96.11672974,83.24146271,,,,692109693986.89,5.033370018
84,Colombia,2012,46.40734863,41.40262985,9.464280128,2.8036201000000003,,370921320483.84,4.370389938
85,Costa Rica,2012,50.81568146,37.38465118,,,,47231651864.83,6.68983984
86,Cyprus,2012,78.70480347,68.92121124,,,,24978513426.7,
87,Czech Republic,2012,99.81665802,88.52554321,,,,208857719320.65,4.2508602139999985
88,Germany,2012,96.73085785,82.04736328,,,,3527344944139.83,4.956580162
89,Denmark,2012,99.64360046,76.00238037,,,,327148943812.14,7.237820148
90,Ecuador,2012,46.82740021,37.87625885,10.94832039,0.7656900287,,87924544000.0,4.643070221
91,Finland,2012,,71.95372772,21.1388092,10.42317009,0.9987300038,258304834621.61,7.148039817999999
92,France,2012,80.48766327,63.74972153,,,,2683825225092.63,
93,Georgia,2012,95.59430695,90.92549896,30.17271042,27.3010006,0.2345699966,16488403076.36,1.906100035
94,Greenland,2012,100.0,38.18769073,10.13576984,2.8287200930000003,0.104869999,2609667673.72,
95,Honduras,2012,27.06077003,18.59373093,4.249010086,,,18528601901.32,
96,Hungary,2012,98.28556824,77.6319809,,,,128475498380.38,4.163859844
97,"Iran, Islamic Rep.",2012,64.70646667,44.23712158,14.8149004,2.778789997,0.2233400047,598868460912.85,3.168590069
98,Kuwait,2012,56.03297043,32.69662094,,,,174070382279.39,
99,Lithuania,2012,91.41516876,81.55287170000003,,,,42927454291.48,4.769229889
100,Latvia,2012,99.22438812,86.34323883,,,,28324787663.65,6.5824999810000016
101,Moldova,2012,95.03304291,74.54644775,,,,8709165249.27,6.983389854
102,Mexico,2012,58.01192093,33.79750824,,,,1201089987015.45,5.103099823
103,Malta,2012,73.2910614,32.43569946,,,,9462238211.49,6.522429943
104,Netherlands,2012,89.85910797,67.09863281,,,,838971306990.91,5.410220146
105,Pakistan,2012,34.97536087,25.64950943,,1.63380003,0.4623300135,224383620829.57,2.13628006
106,Portugal,2012,47.23015976,30.02281952,15.23538971,,,216236608773.98,4.949409962
107,Paraguay,2012,42.67852020000001,32.14160156,9.232540131,4.607719898,0.05251000077,33296438306.47,3.667540073
108,West Bank and Gaza,2012,56.69453049,38.02421188,,,,12208400000.0,5.132679939
109,Qatar,2012,60.46305084,41.34368896,20.88371086,,,186833502362.13,3.50744009
110,Singapore,2012,77.39111328,67.70484161,25.67773056,,,295087220933.02,3.070859909
111,Slovak Republic,2012,99.30277252,85.37905121,,,0.0,94534730680.6,3.8677001
112,Slovenia,2012,96.86898041,79.15782166,,,,46580457470.28,5.620230198
113,Sweden,2012,88.33435822,79.00488281,,,,552483727282.8,7.536970139
114,Turkey,2012,51.13713074,32.76625824,,,,880556375779.51,
115,Uruguay,2012,52.46094894,27.54371071,,,,51264390116.49,
116,United States,2012,94.98448944,87.67910004,,,,16197007349000.0,
117,Australia,2013,91.0807724,72.03684235,26.74360085,5.756979942,0.9857800007,1576184467015.49,5.229740143
118,Austria,2013,,77.30635834,,,,430068712971.87,5.5471100810000005
119,Azerbaijan,2013,95.59149933,88.71620941,15.66057014,,0.0,74164435946.46,2.442130089
120,Belgium,2013,81.58792877,64.27867889,30.24835014,12.37928963,0.5343899727,521642714407.84,6.630529881
121,Bangladesh,2013,33.70534897,22.18535042,5.502319813,1.966709971,0.0916299969,149990451022.29,1.966160059
122,Bulgaria,2013,94.32663727,73.93795776,22.91971016,,,55615397665.58,4.0742001530000005
123,Chile,2013,76.16493988,54.06187057,12.26988983,1.033030033,,278384332694.36,4.529429913
124,Colombia,2013,48.1389389,43.28974915,10.07540989,3.100430012,,382116126448.55,4.8785500530000006
125,Cyprus,2013,79.697052,69.89254761,24.8877697,,0.5351799725999999,23900872625.85,6.483779907000001
126,Czech Republic,2013,99.7996521,89.15956879,,,,211685616592.93,4.090889931
127,Germany,2013,96.67179108,82.30825043,,,,3732743446218.92,4.961110115
128,Denmark,2013,99.58493805,76.54907227,,,,343584391647.93,8.494429588
129,Ecuador,2013,47.94152069,38.64950943,11.51803017,1.027250051,,95129659000.0,5.004640102
130,Finland,2013,,72.81208038,21.89092064,10.78516006,1.031540036,271285280621.37,7.124040127000001
131,France,2013,81.50099945,66.3351593,,,,2811077725703.59,
132,Hungary,2013,98.39373779,78.48741913,19.42597961,7.54861021,0.5028399825,135411698965.11,4.197730064
133,"Iran, Islamic Rep.",2013,67.73120117,46.3118515,16.320079800000002,3.209389925,0.2989200056,460293149324.33,3.06795001
134,Kuwait,2013,50.83044815,28.33670998,8.711799622000001,0.3923999965,0.3923999965,174161142454.16,
135,Lithuania,2013,92.28945923,82.31008911,26.38526917,,0.4427500069,46523420074.44,4.609499931
136,Latvia,2013,99.32103729,87.16148376,27.79107094,,0.4690099955,30436727789.44,6.980400085
137,Moldova,2013,95.49427795,74.10775757,19.03648949,0.568780005,0.06374000012999999,9496684701.43,
138,Mexico,2013,56.55838013,31.6299305,14.322609900000002,1.28283,0.08504000306,1274443084716.57,4.696050167
139,Malta,2013,75.63938904,34.48049927,13.08806992,4.23611021,0.2690300047,10551661176.78,7.876140117999999
140,Netherlands,2013,89.41146088,69.5296936,27.21899033,10.06694031,0.554610014,876923518850.41,5.52655983
141,Pakistan,2013,35.42733002,26.07061005,,1.732929945,0.490139991,231218567178.98,2.493439913
142,Portugal,2013,49.28514862,31.86906052,15.87279034,,,226369502104.24,5.270969868
143,Paraguay,2013,46.66381836,36.028759,12.1796999,7.097300053,0.187319994,38651334287.67,
144,West Bank and Gaza,2013,58.02111816,38.50714874,16.25624084,1.652160048,0.3120900095,13515500000.0,5.302499771
145,Qatar,2013,69.48751068,46.06689835,20.51387978,,,198727642979.3,4.073840141
146,Singapore,2013,78.13448334,68.78067017,27.33844948,,,307576360584.99,2.85435009
147,Serbia,2013,85.78730011,66.56281281,11.45818043,0.7617200017,0.2833099961,48394239474.68,
148,Slovak Republic,2013,99.28269196,85.96087646,,,0.0,98848641554.63,4.076489925
149,Slovenia,2013,97.14840698,79.77964783,,,,48401896808.31,5.405729771
150,Sweden,2013,88.92723083,73.91673279,22.03985023,10.38317966,1.158910036,586841821796.89,7.611209869
151,Turkey,2013,52.67531967,33.75851059,,1.5528199669999998,0.34356001020000004,957783020853.03,
152,Uruguay,2013,52.31441116,27.57889938,7.197599887999999,1.406010032,0.06111000106000001,57531233350.91,
153,United States,2013,95.20452881,88.1503067,31.66065979,11.56643963,1.677160025,16784849196000.0,4.931049824
154,Uzbekistan,2013,99.89286804,91.54061127,15.42068005,,,68997168337.68,6.090010166
155,Australia,2014,91.45050049,71.23394012,24.94644928,5.324850082,0.9340800047,1467483705131.74,5.1647701260000005
156,Austria,2014,98.92321777,78.10984039,12.25236988,10.6243,1.078390002,441996131736.51,5.447619915
157,Azerbaijan,2014,95.6078186,88.71417236,15.68144989,,0.0,75244294275.15,2.633039951
158,Belgium,2014,82.34053802,64.01886749,31.25900078,13.4917202,0.4946399927,534678075827.36,6.5904698370000006
159,Bangladesh,2014,34.91572952,23.21816063,5.85213995,2.05821991,0.0967900008,172885454931.45,
160,Bulgaria,2014,94.24516296,73.81308746,24.06306076,,,56901994980.33,
161,Bosnia and Herzegovina,2014,,59.57389069,7.825369835,,,18558343508.34,
162,Switzerland,2014,97.02065277,84.64385223,35.60501099,18.19875908,2.974410057,734396591036.93,5.051229954
163,Colombia,2014,49.46266174,44.59130859,10.51144981,3.275019884,,381112119657.45,4.629459858
164,Costa Rica,2014,54.66732025,40.21863937,22.78627014,2.341840029,,52016408950.89,6.869520187000001
165,Cyprus,2014,78.95928192,69.49954987,25.96552086,9.501049995,0.6168900132,23156850006.64,6.4485001560000015
166,Czech Republic,2014,99.81548309,89.63336182,18.82673073,14.75035,0.5042399764,209358834156.33,3.994620085
167,Germany,2014,96.79914856,82.99720764,24.18294907,10.74888992,1.261129975,3883920155292.26,4.939620018
168,Denmark,2014,91.48561096,76.83499908,28.97826958,10.09982014,0.0,352993631617.71,7.634850025
169,Ecuador,2014,48.77730179,38.52569962,10.42980957,0.9873700142,,101726331000.0,5.260990143
170,Finland,2014,,73.56877136,22.50554085,11.06645966,1.059859991,274497230802.96,7.102369785
171,France,2014,82.63316345,68.53022003,16.39295006,8.351519585,0.7128900290000001,2852165760630.27,
172,Georgia,2014,96.70864868,92.06716156,30.86433029,27.42198944,0.3015800118,17627003454.72,
173,Greenland,2014,100.0,38.92531967,10.39210033,2.9442400930000003,0.08444000036,2842048997.77,
174,Honduras,2014,32.44018936,23.01444054,6.269499778999998,,,19756494434.7,7.090119839
175,Hungary,2014,96.64061737,74.12236023,19.901760100000004,8.479809761,0.6592400074,140765018880.63,4.61743021
176,Indonesia,2014,47.29391861,31.09284019,7.966499805,0.5644500256,,890814755233.23,3.288009882
177,"Iran, Islamic Rep.",2014,68.47985077,46.95283127,16.86667061,3.63906002,0.2863900065,432687036177.82,2.801350117
178,Lithuania,2014,93.06397247,83.32887268,31.49510002,13.19715023,0.4686700106,48533659592.17,4.49105978
179,Latvia,2014,99.42137909,87.78637695,26.55406952,10.6576004,0.4769699872,31329367172.74,5.27489996
180,Moldova,2014,96.17194366,74.72078705,20.08584023,0.6891899705,0.08299999683999999,9510219299.5,6.266019821
181,Mexico,2014,57.48696899,31.7997303,13.95713043,1.244339943,0.08402000367999997,1315351183524.54,5.260620117
182,Malta,2014,76.88651276,35.77473068,13.45734978,4.2165699010000015,0.2449299991,11626281387.01,7.204949856
183,Netherlands,2014,89.36537170000003,69.42220306,28.01170921,10.55712986,0.5608400106,890981311077.66,5.458899975
184,Norway,2014,99.20953369,77.00605774,25.72669029,9.681770325,0.8836100101000001,498410050251.26,7.6950402260000015
185,Pakistan,2014,37.33127975,27.71788979,,1.880820036,0.5160999894,244360888750.81,2.465929985
186,Portugal,2014,51.44493866,34.207588200000004,17.48498917,13.51679039,0.4522199929,229596170847.0,5.124000072
187,Paraguay,2014,46.69829941,36.56420135,11.71026039,6.411159992000001,0.06525000184999999,40377987208.69,
188,West Bank and Gaza,2014,58.7723999,37.9565506,16.5991497,1.5651899580000002,0.2265699953,13989700000.0,
189,Qatar,2014,68.37606812,43.96334076,20.30606079,,,206224598564.62,3.605350018
190,Singapore,2014,78.58763123,69.54628754,27.74241066,,,314851156183.41,
191,Serbia,2014,86.7260437,68.57245636,12.6497097,1.496230006,0.4092099965,47062206677.65,3.926980019
192,Slovak Republic,2014,99.34426117,85.31761932,18.0583992,15.35604954,0.5481600165,101189715749.37,4.221360207
193,Slovenia,2014,97.5927124,80.09108734,18.21730995,13.27260971,1.626549959,49930685013.46,5.291699886
194,Sweden,2014,89.47490692,74.47036743,22.53532028,10.63362026,1.183109999,581964017237.1,7.573729992
195,Turkey,2014,54.96775818,35.23741913,,1.636199951,0.35078001020000005,938952628604.07,
196,Uruguay,2014,53.38447952,28.4531498,7.408420086,1.632500052,,57236013086.12,
197,United States,2014,95.26347351,88.31358337,31.955799100000004,11.76535988,1.76947999,17527163695000.0,4.961740017
198,Uzbekistan,2014,99.86815643,91.94763184,15.67679024,,,76658542757.47,6.025269985
199,Australia,2015,92.67857361,75.55976105,29.78425026,7.02229023,1.3170000309999998,1351693984524.5,5.311270237
200,Austria,2015,,79.01290131,13.08166981,10.8641901,0.8305600286,381817565893.57,5.456580162000001
201,Azerbaijan,2015,95.60848999,88.66507721,15.68778992,,0.0,53074370486.04,2.951679945
202,Belgium,2015,84.35791779,66.21057892,31.70948029,13.541709900000004,0.5862900019,462149679343.82,6.451570034
203,Bangladesh,2015,40.84080124,28.56217957,8.237139702,3.325939894,0.15837000310000002,195078678697.23,
204,Bulgaria,2015,94.81500244,74.91266632,24.47097969,,,50647442756.74,
205,Bosnia and Herzegovina,2015,,60.82957077,7.549160004,0.8244900106999999,0.09836000204,16211541820.24,
206,Switzerland,2015,97.09393311,85.19001007,36.94929123,19.01053047,2.9001700880000003,702149580770.9,5.100570202
207,Chile,2015,78.5309906,56.96366882,13.10313988,1.157549977,,243919079437.37,4.875309944
208,Colombia,2015,50.3342514,45.40465927,10.30488014,3.164099932,,293481748240.78,4.470389843
209,Costa Rica,2015,53.06430054,37.99145889,21.30458069,2.70746994,,56441917652.98,7.082540035
210,Cyprus,2015,78.63918304,69.05065155,25.5467205,10.33376026,0.7251499891,19842404304.89,6.346360207000001
211,Czech Republic,2015,99.80766296,89.77071381,19.34180069,15.03689957,0.6006799936,188033050459.88,5.788849831
212,Germany,2015,96.71611786,83.08336639,24.74205017,11.03293991,1.289240003,3356235704119.75,4.834980011
213,Denmark,2015,92.06758118,77.74913788,30.38372993,10.93929005,0.6488000154,302673070846.86,
214,Ecuador,2015,52.18167114,42.25613022,12.08024025,1.157400012,,99290381000.0,4.998700142
215,Finland,2015,,74.01706696,23.03199959,11.28077984,1.082739949,234440080998.27,7.032080173
216,France,2015,83.20343018,69.43743134,17.66307068,8.767310143,0.7641400099,2438207896251.84,
217,Greenland,2015,100.0,39.62570953,10.56647968,3.02741003,0.1010100022,2499115623.0,
218,Honduras,2015,32.4770813,22.91737938,9.349370002999999,,,20979767785.21,6.4129700660000015
219,Hungary,2015,96.76660919,75.09918213,20.67308998,8.89855957,0.7535600066,125074286021.14,4.518660069
220,Indonesia,2015,48.80207062,32.26202011,8.483010292000001,0.516470015,0.03212999925,860854235065.08,3.583600044
221,Kuwait,2015,55.87210083,29.90126991,9.591079712,0.4242799878,,114567298105.68,
222,Lithuania,2015,93.78500366,84.31430054,33.09735107,14.00611973,0.6087800264,41418872976.12,4.22988987
223,Latvia,2015,99.62120819,88.59690857,27.79356003,11.64772987,0.5426200032,27239653843.5,5.314129829
224,Moldova,2015,96.37618256,74.7263031,19.37272072,0.9849699736,0.1836699992,7745231660.33,
225,Mexico,2015,59.53876114,33.34621811,14.77964973,2.087739944,0.2247699946,1171867608197.72,5.2352399830000005
226,Malta,2015,77.57135773,36.90779877,13.28485966,4.420159817,0.2790800035,11091434483.52,5.216350079
227,Netherlands,2015,89.48812103,69.5704422,28.86907005,10.73480034,0.5670800209,765264949781.0,5.34815979
228,Norway,2015,99.22878265,77.48571777,26.65008926,10.12217999,0.9476000071,385801550067.17,7.569330215
229,Portugal,2015,52.7052002,35.42892838,18.18252945,13.94134045,0.4868099988,199313894327.49,4.885540009
230,Paraguay,2015,49.06567001,38.79034042,12.80041027,6.652560234,0.1224400029,36211372702.81,
231,West Bank and Gaza,2015,60.39899826,39.02186966,17.12458992,1.604140043,0.210679993,13972400000.0,5.1413598060000005
232,Singapore,2015,79.36824799,70.91709137,28.21052933,,,308004146057.61,
233,Serbia,2015,88.64244843,70.89627838,13.58380985,1.869729996,0.3652099967,39655958842.55,3.789020061
234,Slovak Republic,2015,99.27007294,86.68582916,18.92214966,16.52890015,0.6612600088,88467555243.73,4.599540234
235,Slovenia,2015,98.1699295,81.50327301,18.8235302,14.44443989,1.764709949,43090173394.69,4.909530163
236,Sweden,2015,90.01940155,75.03375244,22.99884987,10.8662796,1.206359982,505103781349.76,7.443900107999999
237,Turkey,2015,56.35490036,37.07355881,,1.756160021,0.3386299908,864316670330.88,
238,Uruguay,2015,54.10314178,28.74776077,10.50245953,1.70333004,,53274304222.14,
239,United States,2015,95.33496857,88.41197205,32.50075912,11.99485016,1.701310039,18238300569000.0,
240,Uzbekistan,2015,99.88606262,92.07958221,15.80405998,,,81847410181.8,5.786379814
241,Australia,2016,92.76399231,76.41803741,30.02980995,6.734690189,1.082419991,1208846993739.99,5.276780128
242,Austria,2016,,79.21024323,12.96800041,10.66808987,0.4711999893,395568644341.04,5.484350204
243,Azerbaijan,2016,95.64131165,88.66445159999998,15.74190044,,,37867518957.2,2.903409958
244,Belgium,2016,84.78952026,67.0826416,32.16696167,13.66187,0.6238899827000001,475739588764.76,6.45953989
245,Bangladesh,2016,41.50080109,28.96916962,8.509599686,3.481189966,0.165959999,221415188000.48,1.535539985
246,Bulgaria,2016,95.14305115,75.59954071,24.62815094,,,53806894796.38,
247,Bahrain,2016,69.22395325,54.04759979,14.28199959,1.293069959,0.2333900034,32234973404.26,
248,Bosnia and Herzegovina,2016,81.16555786,62.3772583,8.377280235,1.67553997,0.1658100039,16913330693.97,
249,Switzerland,2016,96.8901825,84.53691101,,18.94170952,2.9063100810000004,695600652899.28,5.104730129
250,Colombia,2016,52.07934952,47.26855087,10.90172005,3.316800117,,282825009887.46,4.477210045
251,Costa Rica,2016,53.1069603,38.29613876,20.63398933,2.648960114,,58847016044.74,7.097680092
252,Cyprus,2016,80.31255341,71.16316223,26.61514091,10.62586975,0.7183600068000001,20953442550.37,6.163799762999999
253,Czech Republic,2016,99.80445862,90.22885895,20.07844925,15.81075954,0.6527400017,196272068576.34,5.587379932
254,Germany,2016,96.51364136,83.00641632,25.58012009,11.50854969,1.32317996,3467498002104.33,4.840219975
255,Denmark,2016,92.4495697,78.18444061,30.97982979,11.49855995,0.8351899981,313115929314.34,
256,Ecuador,2016,51.86396027,42.29951859,11.71864033,1.245229959,,99937696000.0,
257,France,2016,83.68582916,69.66562653,17.40369987,9.102959633,0.8048300147,2471285607081.72,
258,Georgia,2016,97.95188904,93.45079041,32.84663010000001,28.15081024,0.4130600095000001,15141758566.78,3.593869925
259,Honduras,2016,33.69506073,24.68818092,10.50294971,,,21717622071.38,
260,Hungary,2016,97.17649841,76.05977631,20.40753937,8.652620316,0.7104499935999999,128470534117.95,4.655389786000001
261,Indonesia,2016,43.97230911,33.73175049,8.79403019,0.5486299992,0.04157999903,931877364177.74,
262,"Iran, Islamic Rep.",2016,69.83145905,48.38576889,18.17661095,4.457920074,0.3675400019,417983583565.54,3.365760088
263,Lithuania,2016,94.94135284,86.00730896,33.85807037,13.40935993,0.5862699747,43018087237.57,4.003940105
264,Latvia,2016,100.0,89.41101074,29.3295002,11.69184017,0.4124000072,28052325862.05,4.712989807
265,Mexico,2016,59.71266937,33.29468918,14.71039009,1.395419955,0.07626000047,1078490651625.31,4.909490108
266,Malta,2016,78.21851349,38.07236862,13.48766994,4.5215201380000005,0.2399599999,11721521912.72,5.207540035
267,Netherlands,2016,89.71404266,69.98719788,29.40674019,11.02005959,0.5795900226,783528181704.57,5.479599952999999
268,Norway,2016,99.23400879,77.83640289,27.32571983,10.48950958,0.9964600205,368827142857.14,8.030550003
269,Pakistan,2016,37.23775101,27.61001968,,1.73439002,0.5012000203,278654637737.69,3.002919912
270,Portugal,2016,54.19124985,36.77096176,18.99613953,14.29547024,0.4950500131,206286022781.89,
271,Paraguay,2016,47.79610062,36.63816833,12.35270023,6.671689987000001,0.050269998610000005,36089550659.09,3.438339949
272,West Bank and Gaza,2016,61.10198975,39.63560867,17.58827972,1.5592499969999998,0.2102600038,15405400000.0,5.717730045
273,Qatar,2016,67.49636078,41.01255035,18.88418961,1.435310006,0.4284600019,151732181857.11,
274,Singapore,2016,79.60723877,70.69322968,29.12792015,,,318763807455.66,
275,Serbia,2016,89.49024200000002,71.40995026,14.51091003,2.180660009,0.482039988,40692643373.03,3.640269995
276,Slovak Republic,2016,99.30355835,87.32021332,19.63664055,17.63311005,0.5299000144,89655253976.43,3.911710024
277,Slovenia,2016,97.62046814,81.86884308,19.64331055,14.65443039,2.302239895,44736333522.45,4.801780224
278,Sweden,2016,90.54364777,75.55888367,23.47822952,11.11660004,1.221809983,515654671469.55,7.618619918999999
279,Turkey,2016,58.86444092,37.65670013,,1.785079956,0.3590599895,869692960365.55,
280,Uruguay,2016,54.9455986,28.74780083,10.46405983,1.719849944,,57236652490.17,4.75909996
281,United States,2016,95.58524323,89.09236145,33.43968964,12.61400986,1.85371995,18745075687000.0,
282,Uzbekistan,2016,99.90351868,92.56462097,16.31752014,,,81779012350.88,5.667729855
283,Australia,2017,93.00570679,77.26136017,31.39118958,7.369840145,1.203500032,1329188475752.32,5.124249935
284,Austria,2017,,79.6625824,14.24862957,11.40083981,0.9426599741,416207272209.54,5.358039856
285,Azerbaijan,2017,95.51609039,88.50122833,15.71702003,,,40865558912.39,2.473819971
286,Belgium,2017,86.50417328,69.15045166,34.68994141,14.91699982,0.6481500268,501522868356.44,6.412280083
287,Bangladesh,2017,42.61808014,29.79417038,8.976880074,3.792439938,0.1794099957,249710922462.31,
288,Bulgaria,2017,95.3857193,76.44853973,24.71287918,,,58971520599.25,4.09250021
289,Bahrain,2017,72.34710693,56.53815842,14.33981037,1.279010057,0.2325499952,35473776595.74,2.327810049
290,Chile,2017,79.60485077,59.23115158,14.64373016,1.514879942,,277034675515.67,5.41945982
291,Czech Republic,2017,99.94582367,91.14514923,20.91316986,16.29821968,0.6176900268,218628940951.68,3.854020119
292,Ecuador,2017,52.85947037,43.53438187,12.16327,1.270370007,,104295862000.0,
293,Finland,2017,,75.52355957,24.33614922,11.90635014,1.143659949,255016517537.98,6.376210212999999
294,France,2017,84.21479797,70.07549286,18.00167084,9.495699883,0.8363800049,2588740901639.81,5.451600075
295,Georgia,2017,97.52117157,92.49629974,34.01821899,27.14703941,0.5120000243,16242916915.72,3.574429989
296,Kuwait,2017,56.08047104,30.60306931,10.66724968,0.4223699868,,120707435412.36,
297,Lithuania,2017,95.60077667,87.30721283,34.53947067,13.35216999,0.6245200038000001,47640770634.43,3.812829971
298,Mexico,2017,61.1710701,34.10905075,15.37425995,1.442819953,0.07681000232999999,1158913035796.37,4.522819996
299,Norway,2017,99.24034119,78.22413635,28.0698204,10.86816025,1.016680002,398393955268.99,7.911980152000001
300,Pakistan,2017,36.43153,27.25329018,,1.836509943,0.4930399954,304567253219.1,2.89951992
301,Portugal,2017,55.18072128,37.6235199,19.24945068,14.22251034,0.5658900142000001,220811110492.15,5.015610218
302,Qatar,2017,68.00855255,41.30080032,19.0258007,1.462280035,0.4399099946,161099122215.31,2.86383009
303,Singapore,2017,80.00772858,71.39945984,30.70517921,,,343337750742.27,
304,Serbia,2017,89.79981995,71.63609314,14.89723969,2.175390005,0.3932299912,44179055279.89,3.715090036
305,Slovak Republic,2017,99.28050232,87.07161713,20.68239021,18.56652069,0.6317499876,95209466459.44,3.939130068
306,Slovenia,2017,97.77278137,82.5606308,20.68120956,15.32231045,2.7557199,48466592281.62,4.783239841
307,Sweden,2017,91.06703186,76.14595032,23.93692017,11.31976986,1.244910002,541018749769.1,7.568830012999999
308,Turkey,2017,60.89331818,39.02669907,,2.263339996,0.4227199852,858996263095.86,
309,Uruguay,2017,56.03147888,30.01844025,11.33565044,1.909479976,,64233966861.25,4.840300083
310,Australia,2018,93.43907166,78.32575989,31.74933052,7.805580139,1.136630058,1432881172002.17,
311,Bangladesh,2018,43.64284134,30.54476929,9.361740112,4.017970085,0.1930499971,274038973437.28,
312,Bahrain,2018,79.93611908,64.92823029,21.60512924,1.420349956,0.2444700003,37652500000.0,
313,Bosnia and Herzegovina,2018,81.36289215,63.50653839,7.747650146000002,1.120710015,0.1905000061,20183510561.26,
314,Switzerland,2018,97.08525848,85.68177032,,19.96821022,2.934159994,735889205256.25,
315,Colombia,2018,54.44469833,49.77447891,11.75529957,3.574100018,,334198214706.21,4.457489967
316,Costa Rica,2018,54.55846024,39.65673065,21.30971909,2.822930098,0.3147499859,62335931464.5,6.978569984
317,Cyprus,2018,81.77329254,72.98143768,28.56159973,12.20835972,0.7553099990000001,25309818138.88,
318,Germany,2018,96.3322525,83.46130371,25.14987946,11.19859028,1.252959967,3961831911429.22,
319,Denmark,2018,93.80911255,79.27773285,32.35884094,12.72570992,0.7786399722,356879499797.9,
320,Greenland,2018,100.0,42.74016953,10.80074024,3.215029955,0.1287100017,3051626389.64,
321,Honduras,2018,31.18119049,23.06661987,9.582570076,,,24067778953.84,6.06746006
322,Indonesia,2018,50.91413879,34.60136032,9.374230385,0.6143000126,0.05017000063999999,1042271531011.99,
323,Kuwait,2018,55.93238831,31.19643021,11.11633015,0.4534200132,,138182400493.59,
324,Latvia,2018,100.0,90.30303192,30.02828026,14.60202026,1.107069969,34399206589.86,
325,Moldova,2018,97.28971863,75.23851776,20.12303925,1.113430023,0.1456899941,11456728401.31,5.439730167
326,Mexico,2018,63.23591995,35.65462875,16.01605988,1.512699962,0.0829700008,1222348807283.2,
327,Malta,2018,82.17867279,45.21572113,18.4249897,6.642739773,0.491809994,14864712990.16,
328,Netherlands,2018,90.36831665,71.10495758,31.09321022,11.72916985,0.6274300218,913597086062.6,
329,Portugal,2018,54.30302048,37.08358002,18.65402985,13.64159012,0.588530004,242194788533.54,
330,Paraguay,2018,50.11856079,39.38156891,13.02303982,6.959670067,0.05579999834,40225448340.63,
331,West Bank and Gaza,2018,64.24536896,42.60168839,19.08675957,1.701169968,0.2551400065,16276600000.0,
332,Singapore,2018,81.42356109999999,73.52378845,31.59559059,,,375981539145.91,
333,Uruguay,2018,56.83214188,30.44119072,11.47317982,2.081360102,,64515038268.14,5.047589779
334,United States,2018,96.02937317,89.80535889,34.99246979,13.05037975,2.032649994,20611860934000.0,
335,Uzbekistan,2018,99.90486908,96.14924622,16.30341911,,,50392607758.23,
336,Bangladesh,2019,44.68355179,31.33009911,9.760549545,4.261950016,0.205249995,302563398919.93,1.326320052
13,Australia,2019,,,,,,1396567014733.23,
14,Austria,2019,,,,,,445075391688.156,
15,Azerbaijan,2019,,,,,,48174235294.1176,
17,Belgium,2019,,,,,,533254518108.234,
20,Bangladesh,2019,,,,,,302563398919.928,
21,Bulgaria,2019,,,,,,68558815111.6199,
22,Bahrain,2019,,,,,,38474521276.5957,
24,Bosnia and Herzegovina,2019,,,,,,20202479537.5193,
37,Switzerland,2019,,,,,,731767398052.879,
39,Chile,2019,,,,,,279385487344.526,
45,Colombia,2019,,,,,,323429888934.257,
48,Costa Rica,2019,,,,,,63951114302.2599,
53,Cyprus,2019,,,,,,24949065263.6292,
54,Czech Republic,2019,,,,,,252498032247.163,
55,Germany,2019,,,,,,3888326788627.44,
58,Denmark,2019,,,,,,347561349210.979,
66,Ecuador,2019,,,,,,108108009000.0,
75,Finland,2019,,,,,,268782471380.392,
77,France,2019,,,,,,2728870246705.88,
82,Georgia,2019,,,,,,17477255562.2583,
91,Greenland,2019,,,,,,,
97,Honduras,2019,,,,,,25089976946.7736,
101,Hungary,2019,,,,,,163503650313.081,
106,Indonesia,2019,,,,,,1119091259074.62,
112,"Iran, Islamic Rep.",2019,,,,,,258245497664.39398,
127,Kuwait,2019,,,,,,136196760180.976,
143,Lithuania,2019,,,,,,54639938780.2352,
145,Latvia,2019,,,,,,34055464655.3254,
150,Moldova,2019,,,,,,11968699005.9801,
154,Mexico,2019,,,,,,1268870527160.03,
159,Malta,2019,,,,,,15215714309.0974,
176,Netherlands,2019,,,,,,910194347568.626,
177,Norway,2019,,,,,,405510000000.0,
184,Pakistan,2019,,,,,,278221906022.841,
194,Portugal,2019,,,,,,239510770948.274,
195,Paraguay,2019,,,,,,37906944074.6128,
196,West Bank and Gaza,2019,,,,,,17133500000.0,
200,Qatar,2019,,,,,,175837550996.185,
208,Singapore,2019,,,,,,374386306993.109,
214,Serbia,2019,,,,,,51475016532.1293,
221,Slovak Republic,2019,,,,,,105119160234.11699,
222,Slovenia,2019,,,,,,54178877605.9999,
223,Sweden,2019,,,,,,533879529188.454,
244,Turkey,2019,,,,,,761428183369.1709,
250,Uruguay,2019,,,,,,61231149880.5857,
251,United States,2019,,,,,,21433224697000.0,
252,Uzbekistan,2019,,,,,,57726542784.9204,
13,Australia,2019,,,,,,1396567014733.23,
14,Austria,2019,,,,,,445075391688.156,
15,Azerbaijan,2019,,,,,,48174235294.1176,
17,Belgium,2019,,,,,,533254518108.234,
20,Bangladesh,2019,,,,,,302563398919.928,
21,Bulgaria,2019,,,,,,68558815111.6199,
22,Bahrain,2019,,,,,,38474521276.5957,
24,Bosnia and Herzegovina,2019,,,,,,20202479537.5193,
37,Switzerland,2019,,,,,,731767398052.879,
39,Chile,2019,,,,,,279385487344.526,
45,Colombia,2019,,,,,,323429888934.257,
48,Costa Rica,2019,,,,,,63951114302.2599,
53,Cyprus,2019,,,,,,24949065263.6292,
54,Czech Republic,2019,,,,,,252498032247.163,
55,Germany,2019,,,,,,3888326788627.44,
58,Denmark,2019,,,,,,347561349210.979,
66,Ecuador,2019,,,,,,108108009000.0,
75,Finland,2019,,,,,,268782471380.392,
77,France,2019,,,,,,2728870246705.88,
82,Georgia,2019,,,,,,17477255562.2583,
91,Greenland,2019,,,,,,,
97,Honduras,2019,,,,,,25089976946.7736,
101,Hungary,2019,,,,,,163503650313.081,
106,Indonesia,2019,,,,,,1119091259074.62,
112,"Iran, Islamic Rep.",2019,,,,,,258245497664.39398,
127,Kuwait,2019,,,,,,136196760180.976,
143,Lithuania,2019,,,,,,54639938780.2352,
145,Latvia,2019,,,,,,34055464655.3254,
150,Moldova,2019,,,,,,11968699005.9801,
154,Mexico,2019,,,,,,1268870527160.03,
159,Malta,2019,,,,,,15215714309.0974,
176,Netherlands,2019,,,,,,910194347568.626,
177,Norway,2019,,,,,,405510000000.0,
184,Pakistan,2019,,,,,,278221906022.841,
194,Portugal,2019,,,,,,239510770948.274,
195,Paraguay,2019,,,,,,37906944074.6128,
196,West Bank and Gaza,2019,,,,,,17133500000.0,
200,Qatar,2019,,,,,,175837550996.185,
208,Singapore,2019,,,,,,374386306993.109,
214,Serbia,2019,,,,,,51475016532.1293,
221,Slovak Republic,2019,,,,,,105119160234.11699,
222,Slovenia,2019,,,,,,54178877605.9999,
223,Sweden,2019,,,,,,533879529188.454,
244,Turkey,2019,,,,,,761428183369.1709,
250,Uruguay,2019,,,,,,61231149880.5857,
251,United States,2019,,,,,,21433224697000.0,
252,Uzbekistan,2019,,,,,,57726542784.9204,
